plot;date;plant;L;l;surfaceF;surfaceST;N_aphid;time;t0;t1;t2;t3;t4;t5;t6;t7;t8;t9;t10;t11;add changes;avg_inact;avg_walk;avg_tend;tot_ant;tot_exp;
Nh-04_ext;01.08.2018;Alpha;56;36;1;0;37;9h56;7;7;7;7;7;7;6;6;6;5;6;6;0;kA;kA;kA;kA;kA;
Nh-04_ext;01.08.2018;Alpha;56;36;1;0;37;9h58;5;6;6;5;5;5;5;6;5;6;6;6;0;kA;kA;kA;kA;kA;
Nh-04_ext;01.08.2018;Alpha;56;36;1;0;37;10h00;6;6;7;7;7;7;7;7;7;6;6;7;0;kA;kA;kA;kA;kA;
Nh-04_ext;01.08.2018;Alpha;56;36;1;0;37;10h02;7;6;6;6;6;6;6;6;6;6;6;6;0;kA;kA;kA;kA;kA;
Nh-04_ext;01.08.2018;Alpha;56;36;1;0;37;10h04;6;7;6;7;7;6;7;7;7;6;6;6;0;kA;kA;kA;kA;kA;
Nh-04_ext;06.08.2018;Beta;59;81;1;0;48;9h57;9;10;10;11;10;10;11;11;11;11;11;11;0;kA;0;kA;11;0;
Nh-04_ext;06.08.2018;Beta;59;81;1;0;48;9h59;10;10;10;10;10;10;10;10;10;10;10;10;0;kA;0;kA;11;1;
Nh-04_ext;06.08.2018;Beta;59;81;1;0;48;10h01;11;11;10;10;10;10;10;10;10;10;10;10;0;kA;0;kA;11;1;
Nh-04_ext;06.08.2018;Beta;59;81;1;0;48;10h03;10;10;10;10;10;10;10;10;10;10;10;10;0;kA;0;kA;11;1;
Nh-04_ext;06.08.2018;Beta;59;81;1;0;48;10h05;10;10;10;10;10;10;10;10;10;10;10;9;0;kA;0;kA;10;0;
Nh-04_ext;11.08.2018;Ceta;112;78;1;0;59;10h10;20;20;22;23;23;23;22;23;23;23;28;28;0;kA;kA;kA;kA;kA;
Nh-04_ext;11.08.2018;Ceta;112;78;1;0;59;10h12;22;23;24;23;23;24;24;24;23;23;24;24;0;kA;kA;kA;kA;kA;
Nh-04_ext;11.08.2018;Ceta;112;78;1;0;59;10h14;23;23;23;23;23;23;23;23;23;23;24;24;0;kA;kA;kA;kA;kA;
Nh-04_ext;11.08.2018;Ceta;112;78;1;0;59;10h16;23;22;22;21;23;23;24;23;24;24;24;23;0;kA;kA;kA;kA;kA;
Nh-04_ext;11.08.2018;Ceta;112;78;1;0;59;10h18;23;23;22;22;22;22;22;22;22;22;22;22;0;kA;kA;kA;kA;kA;
Nh-04_ext;17.08.2018;Ceta;73;62;1;0;104;8h52;22;22;22;23;23;23;23;23;22;23;22;21;0;0;8;15;30;1;
Nh-04_ext;17.08.2018;Ceta;73;62;1;0;104;9h17;19;19;18;19;19;20;20;20;19;18;17;19;0;0;6;13;30;1;
Nh-04_ext;17.08.2018;Ceta;73;62;1;0;104;9h34;15;15;16;16;16;16;16;16;16;16;15;16;0;0;3;13;30;1;
Nh-04_ext;17.08.2018;Ceta;73;62;1;0;104;9h45;17;17;17;17;17;17;17;17;17;17;17;17;0;0;3;14;30;1;
Nh-04_ext;17.08.2018;Ceta;73;62;1;0;104;9h48;17;17;17;17;16;16;16;16;16;17;17;17;0;0;3;14;30;1;
Nh-04_ext;22.08.2018;Ceta;6;92;1;0;145;8h55;25;25;24;25;25;25;25;25;25;24;24;25;0;1;7;16;45;6;
Nh-04_ext;22.08.2018;Ceta;6;92;1;0;145;9h11;24;24;23;22;22;23;23;24;23;22;22;22;0;0;6;17;40;5;
Nh-04_ext;22.08.2018;Ceta;6;92;1;0;145;9h22;20;21;21;20;20;19;19;20;20;21;21;21;0;0;4;16;39;5;
Nh-04_ext;22.08.2018;Ceta;6;92;1;0;145;9h36;23;24;24;23;23;22;21;23;23;23;22;23;0;0;4;19;32;5;
Nh-04_ext;22.08.2018;Ceta;6;92;1;0;145;9h49;19;19;19;19;17;19;19;18;19;18;18;18;0;0;4;14;30;3;
Nh-04;27.08.2018;Delta;24;53;1;0;46;9h00;4;7;8;8;8;8;8;8;7;7;7;7;0;0;5;2;15;9;
Nh-04;27.08.2018;Delta;24;53;1;0;46;9h14;13;13;13;13;13;13;13;14;14;14;14;14;0;0;5;8;17;3;
Nh-04;27.08.2018;Delta;24;53;1;0;46;9h25;16;16;16;16;15;15;15;15;15;15;15;16;0;1;3;12;17;1;
Nh-04;27.08.2018;Delta;24;53;1;0;46;9h38;19;19;18;18;17;17;17;17;17;17;17;17;0;3;1;13;21;4;
Nh-04;27.08.2018;Delta;24;53;1;0;46;9h47;20;21;20;20;20;19;19;19;19;19;19;19;0;1;4;14;21;1;
Nl-55;01.08.2018;Alpha;28;101;1;0;121;11h18;6;6;5;6;5;5;5;5;5;5;6;6;0;kA;kA;kA;kA;kA;
Nl-55;01.08.2018;Alpha;28;101;1;0;121;11h21;7;7;8;8;8;8;6;7;8;8;8;7;0;kA;kA;kA;kA;kA;
Nl-55;01.08.2018;Alpha;28;101;1;0;121;11h24;6;6;7;7;8;8;8;8;8;7;7;7;0;kA;kA;kA;kA;kA;
Nl-55;01.08.2018;Alpha;28;101;1;0;121;11h27;6;7;6;6;6;6;6;7;6;6;6;6;0;kA;kA;kA;kA;kA;
Nl-55;01.08.2018;Alpha;28;101;1;0;121;11h30;6;7;7;6;8;8;6;8;7;8;7;8;0;kA;0;kA;12;0;
Nl-55;06.08.2018;Alpha;35;76;1;0;56;11h40;12;12;12;12;12;12;12;12;12;12;12;12;0;kA;0;kA;12;1;
Nl-55;06.08.2018;Alpha;35;76;1;0;56;11h42;11;11;11;11;11;11;11;11;11;10;11;10;0;kA;0;kA;11;1;
Nl-55;06.08.2018;Alpha;35;76;1;0;56;11h44;10;10;10;10;10;10;10;10;10;10;10;10;0;kA;0;kA;11;1;
Nl-55;06.08.2018;Alpha;35;76;1;0;56;11h46;10;10;10;10;10;10;10;10;10;10;10;10;0;kA;0;kA;11;1;
Nl-55;06.08.2018;Alpha;35;76;1;0;56;11h48;10;10;10;11;11;11;11;11;10;10;10;10;0;kA;0;kA;11;1;
Nl-55;14.08.2018;Alpha;34;38;1;0;26;9h30;11;11;11;11;12;12;12;12;12;11;11;11;0;kA;0;kA;12;1;
Nl-55;14.08.2018;Alpha;34;38;1;0;26;9h32;11;11;11;11;11;11;11;11;11;11;11;11;0;kA;0;kA;11;0;
Nl-55;14.08.2018;Alpha;34;38;1;0;26;9h34;11;10;10;10;10;10;10;10;10;9;8;8;0;kA;0;kA;11;1;
Nl-55;14.08.2018;Alpha;34;38;1;0;26;9h36;8;8;8;8;8;8;8;8;8;8;8;8;0;kA;0;kA;11;3;
Nl-55;14.08.2018;Alpha;34;38;1;0;26;9h38;9;8;8;8;8;8;8;8;8;8;8;8;0;kA;0;kA;11;3;
Nl-55;17.08.2018;Beta;39;42;1;0;44;11h01;7;7;7;7;7;7;7;7;7;7;7;7;0;2;0;5;9;1;
Nl-55;17.08.2018;Beta;39;42;1;0;44;11h11;6;6;6;6;6;6;6;6;6;6;6;6;0;0;1;5;8;2;
Nl-55;17.08.2018;Beta;39;42;1;0;44;11h16;8;8;8;8;8;8;8;8;8;8;8;8;0;1;1;6;10;2;
Nl-55;19.08.2018;Beta;36;32;1;0;49;9h12;7;7;7;7;8;7;7;7;7;7;7;7;0;2;0;5;8;1;
Nl-55;19.08.2018;Beta;36;32;1;0;49;9h32;10;10;10;10;10;10;10;10;10;10;10;10;0;1;1;8;10;0;
Nl-55;19.08.2018;Beta;36;32;1;0;49;9h46;9;9;9;9;9;9;9;9;9;9;9;9;0;3;0;6;9;0;
Nl-55;19.08.2018;Beta;36;32;1;0;49;9h52;10;10;10;10;10;9;11;11;11;11;11;11;0;1;3;6;11;1;
Nl-55;19.08.2018;Beta;36;32;1;0;49;9h56;10;10;10;10;10;10;10;10;11;11;11;11;0;2;2;7;11;0;
Nl-55;22.08.2018;Beta;36;46;1;0;78;11h09;8;8;8;8;8;8;8;8;8;8;8;8;0;2;0;6;9;0;
Nl-55;22.08.2018;Beta;36;46;1;0;78;11h21;7;7;7;7;7;7;7;7;7;7;7;7;0;1;0;6;9;1;
Nl-55;22.08.2018;Beta;36;46;1;0;78;11h34;10;10;10;10;10;10;10;10;10;10;10;11;0;0;1;9;11;1;
Nl-55;22.08.2018;Beta;36;46;1;0;78;11h42;9;9;10;10;10;10;10;10;9;9;8;8;0;0;2;8;11;1;
Nl-55;22.08.2018;Beta;36;46;1;0;78;11h47;8;8;8;8;8;8;8;8;8;8;8;8;0;1;0;7;9;1;
Nl-55;27.08.2018;Ceta;39;81;1;0;152;11h15;11;11;12;12;13;13;13;12;13;16;16;16;0;0;2;10;20;1;
Nl-55;27.08.2018;Ceta;39;81;1;0;152;11h25;16;16;16;15;15;15;15;15;15;16;16;15;0;1;1;14;22;2;
Nl-55;27.08.2018;Ceta;39;81;1;0;152;11h35;15;15;15;15;15;15;14;14;15;15;15;15;0;0;2;13;22;2;
Nl-55;27.08.2018;Ceta;39;81;1;0;152;11h44;15;14;15;14;14;14;14;14;14;14;14;14;0;0;0;14;19;1;
Nl-55;27.08.2018;Ceta;39;81;1;0;152;11h50;12;12;13;13;13;13;13;13;13;13;13;13;0;0;1;12;19;0;
Ol-55_ext1;02.08.2018;Alpha;45;68;1;0;13;9h00;5;5;5;5;6;6;6;6;7;7;7;7;0;kA;kA;kA;kA;kA;
Ol-55_ext1;02.08.2018;Alpha;45;68;1;0;13;9h25;4;4;4;4;4;4;4;4;4;4;4;4;0;kA;0;kA;4;0;
Ol-55_ext1;02.08.2018;Alpha;45;68;1;0;13;9h28;4;4;4;4;4;4;4;4;4;4;4;4;0;kA;0;kA;4;0;
Ol-55_ext1;02.08.2018;Alpha;45;68;1;0;13;9h31;4;4;4;4;4;4;4;4;3;3;3;3;0;kA;0;kA;4;1;
Ol-55_ext1;02.08.2018;Alpha;45;68;1;0;13;9h34;3;3;3;3;3;3;3;3;3;3;3;3;0;kA;0;kA;3;0;
Ol-55_ext1;12.08.2018;Beta;49;53;1;0;7;11h40;5;5;5;5;5;5;5;5;5;5;6;6;0;kA;0;kA;7;1;
Ol-55_ext1;12.08.2018;Beta;49;53;1;0;7;11h42;6;6;6;6;6;6;6;5;4;4;4;5;0;kA;0;kA;6;0;
Ol-55_ext1;12.08.2018;Beta;49;53;1;0;7;11h44;5;5;4;4;4;4;4;4;4;5;5;5;0;kA;0;kA;6;1;
Ol-55_ext1;12.08.2018;Beta;49;53;1;0;7;11h46;4;4;3;3;3;4;4;4;4;4;4;4;0;kA;0;kA;6;2;
Ol-55_ext1;12.08.2018;Beta;49;53;1;0;7;11h48;4;4;4;4;4;4;4;4;4;4;4;4;0;kA;0;kA;6;2;
Ol-55_ext1;16.08.2018;Beta;40;31;1;0;7;11h35;4;4;4;4;4;4;4;4;4;4;4;4;0;kA;0;kA;5;1;
Ol-55_ext1;16.08.2018;Beta;40;31;1;0;7;12h03;3;3;3;3;3;3;3;3;3;3;3;3;0;kA;0;kA;3;0;
Ol-55_ext1;16.08.2018;Beta;40;31;1;0;7;12h05;3;3;3;3;3;3;3;3;3;3;3;3;0;kA;0;kA;3;0;
Ol-55_ext1;16.08.2018;Beta;40;31;1;0;7;12h07;3;3;3;3;3;3;3;3;3;3;3;3;0;kA;0;kA;3;0;
Ol-55_ext1;16.08.2018;Beta;40;31;1;0;7;12h10;3;3;3;3;3;3;3;3;3;3;3;3;0;kA;0;kA;3;0;
Ol-55_ext1;21.08.2018;Ceta;43;26;1;0;9;10h40;6;6;6;6;6;6;6;6;6;6;6;6;0;3;0;3;6;0;
Ol-55_ext1;21.08.2018;Ceta;43;26;1;0;9;10h53;7;7;7;7;7;7;7;7;7;7;7;7;0;3;1;3;7;0;
Ol-55_ext1;21.08.2018;Ceta;43;26;1;0;9;11h00;8;8;8;8;8;8;8;8;8;8;8;8;0;3;1;4;8;0;
Ol-55_ext1;21.08.2018;Ceta;43;26;1;0;9;11h11;6;6;6;6;6;6;6;6;6;6;6;6;0;2;0;4;6;0;
Ol-55_ext1;21.08.2018;Ceta;43;26;1;0;9;11h17;6;6;6;6;6;6;6;6;6;6;6;6;0;3;0;3;6;0;
Ol-55_ext1;24.08.2018;Ceta;27;43;1;0;11;11h00;7;7;7;7;8;8;8;8;8;7;7;6;0;1;1;5;8;1;
Ol-55_ext1;24.08.2018;Ceta;27;43;1;0;11;11h15;7;7;7;7;7;6;7;7;7;7;7;7;0;2;0;5;8;1;
Ol-55_ext1;24.08.2018;Ceta;27;43;1;0;11;11h20;8;8;8;8;8;8;9;9;9;9;9;9;0;2;2;5;10;1;
Ol-55_ext1;24.08.2018;Ceta;27;43;1;0;11;11h25;8;8;8;8;7;7;7;7;8;8;8;8;0;4;1;3;8;0;
Ol-55_ext1;24.08.2018;Ceta;27;43;1;0;11;11h34;9;9;9;9;9;9;10;10;10;9;9;11;0;2;2;5;11;1;
Ol-55_ext2;25.08.2018;Delta;4;86;0;4;169;9h24;16;15;17;19;18;19;18;19;18;20;19;18;0;0;9;9;40;10;
Ol-55_ext2;25.08.2018;Delta;4;86;0;4;169;9h35;24;25;25;26;25;23;24;25;25;25;26;27;0;0;10;14;48;6;
Ol-55_ext2;25.08.2018;Delta;4;86;0;4;169;9h44;24;25;23;24;23;27;25;23;23;25;27;28;0;0;9;14;46;8;
Ol-55_ext2;25.08.2018;Delta;4;86;0;4;169;9h52;24;24;24;24;25;23;22;23;23;23;23;23;0;0;3;20;45;3;
Ol-55_ext2;25.08.2018;Delta;4;86;0;4;169;10h05;26;25;21;21;20;21;22;23;22;22;24;22;0;0;5;18;43;2;
Ol-55_ext2;29.08.2018;Gamma;;68;0;1;227;9h32;22;19;21;20;20;21;21;21;22;21;20;22;0;1;4;16;24;3;
Ol-55_ext2;29.08.2018;Gamma;;68;0;1;227;9h47;24;25;25;26;25;26;25;25;24;25;24;25;0;1;7;15;31;7;
Ol-55_ext2;29.08.2018;Gamma;;68;0;1;227;10h04;17;17;17;19;18;16;18;19;18;18;17;18;0;0;5;13;28;9;
Ol-55_ext2;29.08.2018;Gamma;;68;0;1;227;10h15;22;22;21;22;21;21;21;21;21;22;21;21;0;2;3;16;25;4;
Ol-55_ext2;29.08.2018;Gamma;;68;0;1;227;10h28;20;22;22;22;22;22;22;22;21;22;22;24;0;2;2;18;25;3;
Nl-200_ext;02.08.2018;Alpha;47;36;1;0;120;11h25;9;10;9;10;10;10;10;10;10;10;9;9;0;kA;1;kA;kA;kA;
Nl-200_ext;02.08.2018;Alpha;47;36;1;0;120;11h27;9;9;9;9;9;8;9;9;9;9;9;9;0;kA;1;kA;kA;kA;
Nl-200_ext;02.08.2018;Alpha;47;36;1;0;120;11h29;9;9;9;9;9;9;9;9;9;9;9;9;0;kA;1;kA;kA;kA;
Nl-200_ext;02.08.2018;Alpha;47;36;1;0;120;11h31;9;9;9;9;9;9;9;9;9;9;9;9;0;kA;1;kA;kA;kA;
Nl-200_ext;02.08.2018;Alpha;47;36;1;0;120;11h33;9;9;9;9;9;9;9;9;8;9;9;9;0;kA;1;kA;kA;kA;
Nl-200_ext;07.08.2018;Alpha;57;68;1;0;57;9h40;7;7;7;7;7;7;7;7;7;7;7;7;0;1;3;3;7;0;
Nl-200_ext;07.08.2018;Alpha;57;68;1;0;57;9h42;7;7;7;7;7;7;7;7;7;7;7;7;0;1;3;3;7;0;
Nl-200_ext;07.08.2018;Alpha;57;68;1;0;57;9h44;7;7;7;7;7;7;7;7;7;7;7;6;0;1;3;3;7;0;
Nl-200_ext;07.08.2018;Alpha;57;68;1;0;57;9h46;7;7;7;7;7;6;6;6;6;6;6;6;0;1;3;2;7;1;
Nl-200_ext;07.08.2018;Alpha;57;68;1;0;57;9h48;6;6;6;6;6;6;6;6;6;6;6;6;0;1;3;2;6;0;
Nl-200_ext;12.08.2018;Alpha;66;74;1;0;26;9h25;10;10;10;10;10;10;10;10;10;10;10;10;0;kA;0;kA;12;0;
Nl-200_ext;12.08.2018;Alpha;66;74;1;0;26;9h28;11;11;11;11;11;11;11;11;11;11;11;11;0;kA;0;kA;12;0;
Nl-200_ext;12.08.2018;Alpha;66;74;1;0;26;9h30;11;10;11;11;11;11;10;11;11;11;11;11;0;kA;0;kA;12;0;
Nl-200_ext;12.08.2018;Alpha;66;74;1;0;26;9h33;11;11;11;11;11;11;11;11;11;11;11;11;0;kA;0;kA;12;0;
Nl-200_ext;12.08.2018;Alpha;66;74;1;0;26;9h36;11;11;11;11;11;11;11;11;11;11;11;11;0;kA;0;kA;12;0;
Nl-200_ext;16.08.2018;Alpha;4;196;0;2;10;9h00;16;16;16;16;16;16;16;16;16;16;16;16;0;kA;kA;kA;16;kA;
Nl-200_ext;16.08.2018;Alpha;4;196;0;2;10;9h40;7;7;7;8;8;9;9;9;9;9;9;9;0;kA;0;kA;10;0;
Nl-200_ext;16.08.2018;Alpha;4;196;0;2;10;9h43;9;7;8;8;8;9;8;8;8;8;7;7;0;kA;0;kA;10;0;
Nl-200_ext;16.08.2018;Alpha;4;196;0;2;10;9h46;10;8;8;9;9;10;9;10;9;9;9;10;0;kA;0;kA;10;0;
Nl-200_ext;16.08.2018;Alpha;4;196;0;2;10;9h49;8;8;8;8;8;7;8;8;8;8;8;8;0;kA;0;kA;10;0;
Nl-200_ext;16.08.2018;Alpha;4;196;0;2;10;9h52;8;8;8;8;8;9;9;9;9;9;8;8;0;kA;0;kA;10;0;
Ol-11_ext;03.08.2018;Alpha;59;109;1;0;58;9h55;8;8;8;9;9;9;10;10;10;10;10;10;0;kA;kA;kA;kA;kA;
Ol-11_ext;03.08.2018;Alpha;59;109;1;0;58;9h57;10;10;10;10;10;10;10;10;10;10;9;9;0;kA;kA;kA;kA;kA;
Ol-11_ext;03.08.2018;Alpha;59;109;1;0;58;9h59;9;9;9;9;9;9;9;8;8;8;8;9;0;kA;kA;kA;kA;kA;
Ol-11_ext;03.08.2018;Alpha;59;109;1;0;58;10h01;9;9;9;9;9;9;8;8;8;8;8;8;0;kA;kA;kA;kA;kA;
Ol-11_ext;03.08.2018;Alpha;59;109;1;0;58;10h03;8;8;8;8;8;8;8;8;8;8;8;8;0;kA;kA;kA;kA;kA;
Ol-11_ext;08.08.2018;Beta;66;73;1;1;63;9h45;8;8;8;8;8;8;8;7;7;8;8;8;0;kA;2;kA;10;0;
Ol-11_ext;08.08.2018;Beta;66;73;1;1;63;9h48;8;7;7;7;6;6;6;7;7;7;7;7;0;kA;1;kA;10;0;
Ol-11_ext;08.08.2018;Beta;66;73;1;1;63;9h51;7;7;6;6;6;7;7;7;7;7;7;7;0;kA;1;kA;9;0;
Ol-11_ext;08.08.2018;Beta;66;73;1;1;63;9h54;6;6;6;6;6;6;6;6;6;6;6;6;0;kA;0;kA;9;0;
Ol-11_ext;08.08.2018;Beta;66;73;1;1;63;9h57;7;7;7;7;7;7;7;7;7;7;7;7;0;kA;0;kA;9;0;
Ol-11_ext;13.08.2018;Ceta;57;72;1;0;82;9h40;8;7;7;7;7;7;8;8;8;8;8;8;0;kA;kA;kA;10;2;
Ol-11_ext;13.08.2018;Ceta;57;72;1;0;82;9h43;8;7;8;8;8;8;8;8;8;8;8;8;0;kA;kA;kA;10;2;
Ol-11_ext;13.08.2018;Ceta;57;72;1;0;82;9h46;8;8;8;8;8;8;8;8;8;7;8;8;0;kA;kA;kA;10;2;
Ol-11_ext;13.08.2018;Ceta;57;72;1;0;82;9h49;8;8;8;8;8;8;8;8;8;8;8;9;0;kA;kA;kA;10;2;
Ol-11_ext;13.08.2018;Ceta;57;72;1;0;82;9h52;8;8;8;8;8;8;8;8;8;8;8;8;0;kA;kA;kA;10;2;
Ol-11_ext;18.08.2018;Alpha;48;42;1;0;97;11h10;6;6;6;6;6;6;6;6;6;6;6;6;0;0;2;4;6;0;
Ol-11_ext;18.08.2018;Alpha;48;42;1;0;97;11h26;7;7;7;7;7;7;7;7;7;7;7;7;0;1;0;6;7;0;
Ol-11_ext;18.08.2018;Alpha;48;42;1;0;97;11h43;7;7;7;7;7;7;7;7;7;7;7;7;0;1;1;5;8;0;
Ol-11_ext;18.08.2018;Alpha;48;42;1;0;97;11h47;8;8;8;8;7;8;8;8;8;8;8;8;0;0;3;5;9;0;
Ol-11_ext;18.08.2018;Alpha;48;42;1;0;97;11h55;9;9;9;9;9;9;9;9;9;9;9;8;0;1;1;7;8;0;
Ol-11_ext;25.08.2018;Alpha;4;53;0;1;157;9h08;15;15;15;15;15;15;15;15;16;16;16;16;0;0;2;13;22;0;
Ol-11_ext;25.08.2018;Alpha;4;53;0;1;157;9h19;14;14;14;14;14;14;14;14;14;14;14;14;0;1;2;11;21;2;
Ol-11_ext;25.08.2018;Alpha;4;53;0;1;157;9h28;15;15;16;16;15;15;15;15;15;15;15;15;0;1;4;10;19;0;
Ol-11_ext;25.08.2018;Alpha;4;53;0;1;157;9h37;17;17;17;17;17;17;17;17;17;17;17;17;0;1;1;13;22;1;
Ol-11_ext;25.08.2018;Alpha;4;53;0;1;157;9h45;14;13;14;14;14;14;14;14;13;13;13;13;0;1;4;9;18;0;
Ol-11_ext;31.08.2018;Delta;4;67;0;3;191;9h22;18;18;18;18;18;18;18;18;18;18;18;18;0;2;1;15;23;0;
Ol-11_ext;31.08.2018;Delta;4;67;0;3;191;9h35;17;17;17;17;17;17;17;17;17;16;17;17;0;1;0;16;24;1;
Ol-11_ext;31.08.2018;Delta;4;67;0;3;191;9h47;19;20;20;19;19;19;19;18;18;18;18;19;0;2;0;17;25;1;
Ol-11_ext;31.08.2018;Delta;4;67;0;3;191;9h58;17;17;17;17;17;17;17;17;17;17;17;17;0;2;0;15;23;1;
Ol-11_ext;31.08.2018;Delta;4;67;0;3;191;10h12;18;16;17;17;17;17;17;16;17;17;17;17;0;0;1;16;24;0;
Nh-10;03.08.2018;Alpha;36;72;1;0;48;11h46;6;4;8;8;9;9;8;8;9;10;9;8;0;kA;kA;kA;kA;kA;
Nh-10;03.08.2018;Alpha;36;72;1;0;48;11h48;7;6;6;7;6;8;6;8;8;8;7;9;0;kA;kA;kA;kA;kA;
Nh-10;03.08.2018;Alpha;36;72;1;0;48;11h50;7;6;6;7;7;7;7;7;7;7;7;7;0;kA;kA;kA;kA;kA;
Nh-10;03.08.2018;Alpha;36;72;1;0;48;11h52;7;7;7;7;7;6,5;6;7;6;7;7;6,5;3,5;kA;kA;kA;kA;kA;
Nh-10;03.08.2018;Alpha;36;72;1;0;48;11h54;7;8,5;8,5;10;9;9;8,5;7;7;9;8;8;6;kA;kA;kA;kA;kA;
Nh-10;08.08.2018;Alpha;36;72;1;0;52;11h15;7;7;7;7;7;7;7;7;7;7;7;7;0;kA;kA;kA;7;kA;
Nh-10;08.08.2018;Alpha;36;72;1;0;52;11h42;5;5;5;5;5;5;5;5;5;5;5;5;0;0;1;4;5;0;
Nh-10;08.08.2018;Alpha;36;72;1;0;52;11h44;5;5;5;5;5;5;5;5;5;5;5;5;0;0;1;4;5;0;
Nh-10;08.08.2018;Alpha;36;72;1;0;52;11h46;4;4;4;4;4;4;4;4;4;4;4;4;0;0;1;4;5;1;
Nh-10;08.08.2018;Alpha;36;72;1;0;52;11h48;4;4;4;5;5;5;5;5;5;5;5;5;0;0;1;4;5;0;
Nh-10;13.08.2018;Alpha;49;42;1;0;14;11h20;3;3;3;3;3;3;3;3;3;3;3;3;0;kA;0;kA;3;0;
Nh-10;13.08.2018;Alpha;49;42;1;0;14;11h40;2;2;2;2;2;2;2;2;2;2;2;2;0;kA;0;kA;2;0;
Nh-10;13.08.2018;Alpha;49;42;1;0;14;11h42;2;2;2;2;2;2;2;2;2;2;2;2;0;kA;0;kA;2;0;
Nh-10;13.08.2018;Alpha;49;42;1;0;14;11h44;2;2;2;2;2;2;2;2;2;2;2;2;0;kA;0;kA;2;0;
Nh-10;13.08.2018;Alpha;49;42;1;0;14;11h45;2;2;2;2;2;2;2;2;2;2;2;2;0;kA;0;kA;2;0;
Nh-10_ext;18.08.2018;Beta;80;63;1;0;24;9h21;8;8;8;8;9;8;8;9;8;10;10;10;0;3;1;5;12;2;
Nh-10_ext;18.08.2018;Beta;80;63;1;0;24;9h38;13;13;13;13;13;12;12;11;11;11;11;11;0;2;2;8;11;1;
Nh-10_ext;18.08.2018;Beta;80;63;1;0;24;9h52;11;11;11;12;12;12;12;12;12;12;11;11;0;3;2;7;11;0;
Nh-10_ext;18.08.2018;Beta;80;63;1;0;24;10h03;11;11;11;11;11;11;11;11;11;11;11;11;0;2;3;7;12;0;
Nh-10_ext;18.08.2018;Beta;80;63;1;0;24;10h06;10;10;10;10;10;10;11;11;11;12;12;12;0;5;1;5;12;0;
Nh-10_ext;23.08.2018;Beta;39;78;1;0;43;9h02;21;21;21;20;19;19;18;19;19;19;19;19;0;5;1;13;22;3;
Nh-10_ext;23.08.2018;Beta;39;78;1;0;43;9h18;19;19;19;19;19;19;19;19;19;19;19;19;0;4;2;13;20;1;
Nh-10_ext;23.08.2018;Beta;39;78;1;0;43;9h27;19;19;19;19;18;18;17;18;18;18;18;17;0;5;1;12;19;1;
Nh-10_ext;23.08.2018;Beta;39;78;1;0;43;9h36;20;20;21;21;21;20;20;19;19;20;20;20;0;3;2;15;23;3;
Nh-10_ext;23.08.2018;Beta;39;78;1;0;43;9h45;16;16;16;15;15;16;16;16;17;17;16;16;0;2;3;11;22;2;
Nh-10_ext;25.08.2018;Ceta;7;65;0;3;184;11h10;14;14;13;12;12;11;11;11;11;12;12;13;0;0;6;6;22;7;after ladybird beetle attack
Nh-10_ext;25.08.2018;Ceta;7;65;0;3;184;11h22;19;20;20;19;19;16;17;18;18;17;18;18;0;1;5;12;24;5;
Nh-10_ext;25.08.2018;Ceta;7;65;0;3;184;11h32;18;18;18;18;18;18;18;18;17;18;17;16;0;2;3;13;23;3;
Nh-10_ext;25.08.2018;Ceta;7;65;0;3;184;11h42;16;17;16;17;16;17;18;19;18;18;19;19;0;0;5;13;26;5;
Nh-10_ext;25.08.2018;Ceta;7;65;0;3;184;11h49;16;16;16;16;16;17;16;18;18;17;17;17;0;2;1;14;21;2;
Nh-10_ext;31.08.2018;Delta;7;51;0;2;164;11h12;11;12;12;12;12;12;12;13;12;12;12;12;0;0;4;8;19;7;
Nh-10_ext;31.08.2018;Delta;7;51;0;2;164;11h29;15;14;14;14;14;14;14;14;14;13;13;13;0;1;1;12;19;3;
Nh-10_ext;31.08.2018;Delta;7;51;0;2;164;11h42;17;17;17;17;17;17;17;17;16;16;16;16;0;1;1;15;19;1;
Nh-10_ext;31.08.2018;Delta;7;51;0;2;164;11h52;14;14;14;14;14;14;14;14;14;14;14;15;0;3;0;11;17;2;
Nh-10_ext;31.08.2018;Delta;7;51;0;2;164;11h56;14;15;15;15;15;16;16;16;16;16;16;16;0;3;1;12;18;1;
Oh-02_ext;04.08.2018;Alpha;52;68;1;0;38;9h48;15;16;15;16;17;15;16;16;15;15;15;15;0;kA;kA;kA;kA;kA;
Oh-02_ext;04.08.2018;Alpha;52;68;1;0;38;9h50;14;14;14;15;15;16;14;14;15;15;14;14;0;kA;kA;kA;kA;kA;
Oh-02_ext;04.08.2018;Alpha;52;68;1;0;38;9h52;16;17;17;18;17;15;15;15;14;15;14;17;0;kA;kA;kA;kA;kA;
Oh-02_ext;04.08.2018;Alpha;52;68;1;0;38;9h54;15;15;15;14;13;15;14;16;13;12,5;12;12;0;kA;kA;kA;kA;kA;
Oh-02_ext;04.08.2018;Alpha;52;68;1;0;38;9h56;11;11;12;12;12;11,5;11;12;12;12;12;11;0;kA;kA;kA;kA;kA;
Oh-02_ext;09.08.2018;Alpha;71;66;1;0;43;10h02;30;30;30;30;30;30;29;29;30;30;30;30;0;kA;kA;kA;kA;kA;
Oh-02_ext;09.08.2018;Alpha;71;66;1;0;43;10h04;30;30;30;31;31;31;31;31;31;31;30;29;0;kA;kA;kA;kA;kA;
Oh-02_ext;09.08.2018;Alpha;71;66;1;0;43;10h06;30;30;30;30;30;29;29;29;29;30;29;29;0;kA;kA;kA;kA;kA;
Oh-02_ext;09.08.2018;Alpha;71;66;1;0;43;10h08;29;29;29;29;30;30;30;30;30;31;30;30;0;kA;kA;kA;kA;kA;
Oh-02_ext;09.08.2018;Alpha;71;66;1;0;43;10h10;30;30;30;31;31;32;32;32;30;32;32;31;0;kA;kA;kA;kA;kA;
Oh-02_ext;15.08.2018;Beta;79;52;1;0;99;10h00;49;50;49;50;51;49;51;48;47;49;48;48;0;kA;kA;kA;kA;kA;
Oh-02_ext;15.08.2018;Beta;79;52;1;0;99;10h02;47;46;45;47;47;48;47;48;47;48;48;48;0;kA;kA;kA;kA;kA;
Oh-02_ext;15.08.2018;Beta;79;52;1;0;99;10h04;49;49;48;49;48;49;48;49;49;48;48;49;2;kA;kA;kA;kA;kA;
Oh-02_ext;15.08.2018;Beta;79;52;1;0;99;10h06;48;48;48;48;47;46;46;47;48;49;49;49;0;kA;kA;kA;kA;kA;
Oh-02_ext;15.08.2018;Beta;79;52;1;0;99;10h08;49;49;49;50;50;50;51;51;49,5;49;49;47;2;kA;kA;kA;kA;kA;
Oh-02_ext;20.08.2018;Beta;118;69;1;0;118;9h08;kA;kA;kA;kA;kA;kA;kA;kA;kA;kA;kA;kA;0;5;8;kA;57;4;
Oh-02_ext;20.08.2018;Beta;118;69;1;0;118;9h32;51;48;48;49;50;49;49;48;49;48;48;47;0;3;4;42;55;5;
Oh-02_ext;20.08.2018;Beta;118;69;1;0;118;9h53;48;49;47;46;46;47;46;48;48;50;50;49;0;2;6;40;56;6;
Oh-02_ext;20.08.2018;Beta;118;69;1;0;118;10h05;46;47;45;45;45;46;49;47;45;44;46;47;0;2;7;38;58;10;
Oh-02_ext;20.08.2018;Beta;118;69;1;0;118;10h18;50;51;48;47;46;49;49;50;48;46;48;49;0;8;5;35;56;5;
Oh-02_ext;26.08.2018;Ceta;38;66;1;0;218;9h27;32;32;31;31;31;31;31;31;31;31;31;31;0;0;4;27;35;2;
Oh-02_ext;26.08.2018;Ceta;38;66;1;0;218;9h41;30;29;29;31;30;30;32;30;30;30;29;29,5;1,5;0;3;27;38;7;
Oh-02_ext;26.08.2018;Ceta;38;66;1;0;218;9h55;32;30;30;32;32;32;32;32;29;30;29;29;0;0;3;28;41;4;
Oh-02_ext;26.08.2018;Ceta;38;66;1;0;218;10h05;37;37;38;39;40;39;40;39;40;39;39;36;0;0;8;31;44;1;
Oh-02_ext;26.08.2018;Ceta;38;66;1;0;218;10h20;31;32;32;33;33;33;33;34;34;34;34;33;0;0;3;30;43;7;
Oh-02_ext;01.09.2018;Delta;50;64;1;1;264;9h11;30;32;32;32;33;34;36;36;36;37;34;36,5;5,5;0;10;24;51;3;
Oh-02_ext;01.09.2018;Delta;50;64;1;1;264;9h27;25;28;28;27;27;27;28;29;28;26;27;27;0;1;4;22;44;6;
Oh-02_ext;01.09.2018;Delta;50;64;1;1;264;9h45;32;32;31;30;31;30;29;28;29;29;29;29;0;4;4;22;45;2;
Oh-02_ext;01.09.2018;Delta;50;64;1;1;264;10h04;29;29;29;30;31;31;30;31;30;30;30;29;0;5;1;24;45;0;
Oh-02_ext;01.09.2018;Delta;50;64;1;1;264;10h12;29;29;29;29;29;29;29;29;29;29;29;29;0;3;0;26;45;1;
Om-02;04.08.2018;Alpha;9;76;1;0;28;12h00;3;4;4;4;4;4;4;4;4;4;4;4;0;0;1;3;4;0;
Om-02;04.08.2018;Alpha;9;76;1;0;28;12h02;3;3;4;4;4;4;4;4;4;4;4;3;0;0;1;3;4;0;
Om-02;04.08.2018;Alpha;9;76;1;0;28;12h04;3;4;4;3;4;4;3;3;4;4;4;4;0;0;1;3;4;0;
Om-02;04.08.2018;Alpha;9;76;1;0;28;12h06;4;4;4;4;4;4;3;4;4;4;4;4;0;0;1;3;4;0;
Om-02;04.08.2018;Alpha;9;76;1;0;28;12h08;3;3;4;4;4;4;4;3;4;3;4;4;0;0;1;3;4;0;
Om-02;09.08.2018;Alpha;18;59;1;0;31;11h37;9;8;9;8;9;9;9;9;9;9;10;10;0;kA;kA;kA;10;1;
Om-02;09.08.2018;Alpha;18;59;1;0;31;11h39;10;10;10;10;10;10;10;10;10;10;10;10;0;kA;kA;kA;10;0;
Om-02;09.08.2018;Alpha;18;59;1;0;31;11h41;9;9;9;9;9;9;8;9;7;8;8;8;0;kA;kA;kA;9;0;
Om-02;09.08.2018;Alpha;18;59;1;0;31;11h43;8;8;8;8;8;8;8;8;7;7;7;8;0;kA;kA;kA;9;1;
Om-02;09.08.2018;Alpha;18;59;1;0;31;11h45;8;8;8;8;8;8;8;8;8;8;8;8;0;kA;kA;kA;8;0;
Om-02_ext;20.08.2018;Beta;49;42;1;0;37;11h24;7;8;8;8;8;8;8;8;9;9;9;9;0;0;1;7;10;2;
Om-02_ext;20.08.2018;Beta;49;42;1;0;37;11h38;8;8;7;9;9;9;9;9;8;10;10;10;0;0;4;5;10;1;
Om-02_ext;20.08.2018;Beta;49;42;1;0;37;11h43;10;10;10;10;10;10;11;11;11;11;12;12;0;1;3;7;12;1;
Om-02_ext;20.08.2018;Beta;49;42;1;0;37;11h52;12;12;12;12;12;12;11;11;11;11;11;10;0;1;3;7;13;2;
Om-02_ext;20.08.2018;Beta;49;42;1;0;37;12h00;11;12;11;11;11;11;12;12;12;12;12;12;0;0;3;9;13;0;one standing on a leave
Om-02_ext;23.08.2018;Beta;55;76;1;0;68;11h23;16;16;16;15;15;16;16;16;17;17;16;16;0;1;6;9;19;3;
Om-02_ext;23.08.2018;Beta;55;76;1;0;68;11h37;15;19;17;17;19;19;18;19;19;19;18;18;0;1;8;9;20;1;
Om-02_ext;23.08.2018;Beta;55;76;1;0;68;11h45;15;15;14;15;15;15;14;14;14;14;14;14;0;1;7;6;15;0;
Om-02_ext;23.08.2018;Beta;55;76;1;0;68;11h54;16;16;16;15;16;15;15;15;15;15;15;15;0;2;4;9;15;0;
Om-02_ext;23.08.2018;Beta;55;76;1;0;68;12h01;15;14;15;14;14;14;14;14;13;13;13;13;0;5;1;8;15;1;
Om-02_ext;26.08.2018;Beta;54;56;1;0;144;11h20;16;14;14;15;15;17;16;15;15;16;16;16;4;0;8;8;19;3;
Om-02_ext;26.08.2018;Beta;54;56;1;0;144;11h32;15;14;15;14;15;14;15;15;15;15;16;15;0;0;6;9;18;1;
Om-02_ext;26.08.2018;Beta;54;56;1;0;144;11h40;16;15;16;17;18;16;17;18;17,5;16;17;18;2;0;9;8;19;2;
Om-02_ext;26.08.2018;Beta;54;56;1;0;144;11h49;kA;19;16;15;16;18;19;18;18;17;16;16;4;0;9;8;22;4;
Om-02_ext;26.08.2018;Beta;54;56;1;0;144;11h58;15;15;12;13;14;14;14;14;13;14;13;13;0;0;4;10;16;1;
Om-02_ext;01.09.2018;Ceta;49;61;1;0;37;11h15;5;5;5;5;5;5;5;5;5;5;5;5;0;0;3;2;7;2;
Om-02_ext;01.09.2018;Ceta;49;61;1;0;37;11h22;5;5;5;5;5;5;5;5;5;5;5;5;0;1;1;2;6;1;
Om-02_ext;01.09.2018;Ceta;49;61;1;0;37;11h31;6;6;6;6;6;6;6;6;6;6;6;6;0;1;1;3;6;0;
Om-02_ext;01.09.2018;Ceta;49;61;1;0;37;11h38;7;7;7;7;7;7;7;7;7;7;7;7;0;1;2;4;7;0;
Om-02_ext;01.09.2018;Ceta;49;61;1;0;37;11h47;6;6;6;6;6;6;6;6;6;6;6;6;0;2;1;3;7;1;
Nh-05_ext;05.08.2018;Alpha;79;56;1;0;45;11h38;9;9;9;9;9;9;8;8;8;8;8;8;0;kA;2;kA;9;1;
Nh-05_ext;05.08.2018;Alpha;79;56;1;0;45;11h40;8;8;8;8;8;8;8;8;8;8;8;8;0;kA;2;kA;9;1;
Nh-05_ext;05.08.2018;Alpha;79;56;1;0;45;11h42;8;8;8;8;8;8;8;8;8;8;8;8;0;kA;2;kA;9;1;
Nh-05_ext;05.08.2018;Alpha;79;56;1;0;45;1h44;8;8;8;8;8;8;8;8;8;8;8;8;0;kA;2;kA;9;1;
Nh-05_ext;05.08.2018;Alpha;79;56;1;0;45;11h46;8;8;8;8;8;8;8;8;8;8;8;8;0;kA;2;kA;10;2;
Nh-05_ext;10.08.2018;Alpha;69;83;1;0;16;11h30;5;5;5;5;5;5;5;5;5;5;5;5;0;kA;1;kA;6;1;
Nh-05_ext;10.08.2018;Alpha;69;83;1;0;16;11h33;5;5;5;5;5;5;5;5;5;5;5;5;0;kA;1;kA;6;1;
Nh-05_ext;10.08.2018;Alpha;69;83;1;0;16;11h36;5;5;5;5;5;5;5;5;5;5;5;5;0;kA;0;kA;6;1;
Nh-05_ext;10.08.2018;Alpha;69;83;1;0;16;11h39;5;5;5;5;5;5;5;5;5;5;5;5;0;kA;0;kA;5;0;
Nh-05_ext;10.08.2018;Alpha;69;83;1;0;16;11h42;5;5;5;5;5;5;5;5;5;5;5;5;0;kA;0;kA;5;0;
Nh-05_ext;14.08.2018;Alpha;53;62;1;0;7;11h40;5;6;6;6;6;6;6;6;6;6;6;6;0;kA;1;kA;9;0;
Nh-05_ext;14.08.2018;Alpha;53;62;1;0;7;11h42;6;6;6;6;6;6;6;6;6;6;6;6;0;kA;1;kA;9;1;
Nh-05_ext;14.08.2018;Alpha;53;62;1;0;7;11h44;6;6;6;6;6;6;6;6;6;6;6;6;0;kA;1;kA;9;0;
Nh-05_ext;14.08.2018;Alpha;53;62;1;0;7;11h46;6;6;6;6;6;6;6;6;6;6;6;6;0;kA;1;kA;9;1;
Nh-05_ext;14.08.2018;Alpha;53;62;1;0;7;11h48;6;6;6;6;6;6;6;6;6;6;6;6;0;kA;1;kA;9;0;
Nh-05_ext;19.08.2018;Alpha;82;98;1;1;10;11h04;7;7;7;7;7;7;6;7;8;8;8;8;0;0;5;2;11;4;
Nh-05_ext;19.08.2018;Alpha;82;98;1;1;10;11h15;8;8;8;8;8;8;8;8;8;8;8;8;0;0;4;4;12;4;
Nh-05_ext;19.08.2018;Alpha;82;98;1;1;10;11h33;9;9;8;8;8;8;8;8;8;9;9;9;0;0;4;4;12;1;
Nh-05_ext;19.08.2018;Alpha;82;98;1;1;10;11h40;5;5;5;5;5;5;5;5;5;5;5;5;0;0;2;3;10;2;
Nh-05_ext;19.08.2018;Alpha;82;98;1;1;10;11h47;5;5;5;5;5;5;5;5;5;5;5;5;0;0;0;5;6;0;
